mean_predicted_probability,observed_default_rate
0.1321106320229898,0.031914893617021274
0.20704468177153135,0.0851063829787234
0.2673287420439258,0.10752688172043011
0.32032141848867784,0.13829787234042554
0.3723954679560893,0.07446808510638298
0.44069233666176333,0.1935483870967742
0.5330880509758912,0.22340425531914893
0.6629648435342969,0.4787234042553192
