group,n,approval_rate,default_capture_rate,false_positive_rate,approval_rate_gap_to_best,default_capture_rate_gap_to_best,false_positive_rate_gap_to_best
A,552,0.8134057971014492,0.42168674698795183,0.14498933901918976,0.13663812033377243,0.1735513482501434,0.10501066098081024
B,198,0.6767676767676768,0.5952380952380952,0.25,0.13663812033377243,0.1735513482501434,0.10501066098081024
